[
  {
    "question": "O que \u00e9 o Amazon EC2?",
    "answers": [
      "Servi\u00e7o de banco de dados",
      "Servi\u00e7o de computa\u00e7\u00e3o el\u00e1stica",
      "Armazenamento de objetos",
      "Servi\u00e7o de mensageria"
    ],
    "correct": 1
  },
  {
    "question": "Para que serve o Amazon S3?",
    "answers": [
      "Hospedagem de sites est\u00e1ticos",
      "Executar c\u00f3digo em containers",
      "Gerenciar identidades",
      "Banco de dados relacional"
    ],
    "correct": 0
  },
  {
    "question": "O que \u00e9 AWS Lambda?",
    "answers": [
      "Servi\u00e7o de VMs",
      "Banco de dados NoSQL",
      "Servi\u00e7o de computa\u00e7\u00e3o serverless",
      "Gerenciador de redes"
    ],
    "correct": 2
  },
  {
    "question": "Qual servi\u00e7o \u00e9 ideal para armazenar dados relacionais?",
    "answers": [
      "S3",
      "DynamoDB",
      "RDS",
      "EC2"
    ],
    "correct": 2
  },
  {
    "question": "O que \u00e9 IAM na AWS?",
    "answers": [
      "Gerenciador de recursos",
      "Gerenciamento de identidades e acessos",
      "Servi\u00e7o de monitoramento",
      "Servi\u00e7o de redes"
    ],
    "correct": 1
  },
  {
    "question": "Para criar containers gerenciados, voc\u00ea usaria:",
    "answers": [
      "ECS",
      "Lambda",
      "S3",
      "RDS"
    ],
    "correct": 0
  },
  {
    "question": "Qual servi\u00e7o \u00e9 usado para monitoramento e logs?",
    "answers": [
      "CloudTrail",
      "CloudWatch",
      "IAM",
      "EC2"
    ],
    "correct": 1
  },
  {
    "question": "O que \u00e9 o Amazon VPC?",
    "answers": [
      "Banco de dados",
      "Rede virtual privada",
      "Monitoramento de recursos",
      "Execu\u00e7\u00e3o de fun\u00e7\u00f5es"
    ],
    "correct": 1
  },
  {
    "question": "Qual servi\u00e7o envia mensagens entre aplica\u00e7\u00f5es desacopladas?",
    "answers": [
      "SNS",
      "EC2",
      "Lambda",
      "CloudFront"
    ],
    "correct": 0
  },
  {
    "question": "O que \u00e9 o Route 53?",
    "answers": [
      "Servi\u00e7o de banco de dados",
      "Servi\u00e7o DNS gerenciado",
      "Execu\u00e7\u00e3o serverless",
      "Rede privada"
    ],
    "correct": 1
  },
  {
    "question": "O AWS CloudFormation \u00e9 usado para:",
    "answers": [
      "Gerar relat\u00f3rios",
      "Cria\u00e7\u00e3o de infraestrutura como c\u00f3digo",
      "Monitorar redes",
      "Hospedar sites"
    ],
    "correct": 1
  },
  {
    "question": "O que o AWS CloudTrail registra?",
    "answers": [
      "Logs de rede",
      "Logs de acesso e a\u00e7\u00f5es de API",
      "Erros de banco",
      "Transfer\u00eancias de arquivos"
    ],
    "correct": 1
  },
  {
    "question": "Qual servi\u00e7o permite cache de dados para melhorar performance?",
    "answers": [
      "CloudFront",
      "ElastiCache",
      "RDS",
      "Lambda"
    ],
    "correct": 1
  },
  {
    "question": "O que \u00e9 Amazon DynamoDB?",
    "answers": [
      "Banco relacional",
      "Banco de objetos",
      "Banco NoSQL gerenciado",
      "Servi\u00e7o de filas"
    ],
    "correct": 2
  },
  {
    "question": "Para hospedar um site com lat\u00eancia baixa globalmente, voc\u00ea usaria:",
    "answers": [
      "EC2",
      "Route 53",
      "CloudFront",
      "S3"
    ],
    "correct": 2
  },
  {
    "question": "O que faz o servi\u00e7o AWS WAF?",
    "answers": [
      "Bloqueia acesso SSH",
      "Firewall de aplica\u00e7\u00e3o web",
      "Gerencia contas",
      "Audita redes"
    ],
    "correct": 1
  },
  {
    "question": "Para configurar alertas com base em m\u00e9tricas, use:",
    "answers": [
      "IAM",
      "S3",
      "CloudWatch Alarms",
      "SNS"
    ],
    "correct": 2
  },
  {
    "question": "Qual servi\u00e7o permite controle de acesso a buckets S3?",
    "answers": [
      "EC2",
      "IAM",
      "CloudFront",
      "RDS"
    ],
    "correct": 1
  },
  {
    "question": "O que o AWS Auto Scaling faz?",
    "answers": [
      "Cria backups",
      "Escala inst\u00e2ncias automaticamente",
      "Configura DNS",
      "Controla permiss\u00f5es"
    ],
    "correct": 1
  },
  {
    "question": "Para transmitir v\u00eddeos em tempo real, voc\u00ea usaria:",
    "answers": [
      "S3",
      "Elastic Transcoder",
      "MediaLive",
      "Lambda"
    ],
    "correct": 2
  }
]